date,wiki_id,popular,test_group,n_pages,view_total,view_median
2018-11-01,bg.wikipedia,no,control,124179,188499,2
2018-11-01,bg.wikipedia,no,treatment,124187,185825,2
2018-11-01,bg.wikipedia,yes,control,51,26592,372
2018-11-01,bg.wikipedia,yes,treatment,49,41703,364
2018-11-01,en.wikipedia,no,control,2895905,47834337,4
2018-11-01,en.wikipedia,no,treatment,2886551,47736945,4
2018-11-01,en.wikipedia,yes,control,54,2029743,28143.5
2018-11-01,en.wikipedia,yes,treatment,46,2342025,34723.5
2018-11-01,es.wikipedia,no,control,723251,8997653,4
2018-11-01,es.wikipedia,no,treatment,725229,9584691,4
2018-11-01,es.wikipedia,yes,control,46,625460,8449
2018-11-01,es.wikipedia,yes,treatment,54,556709,7267.5
2018-11-01,pl.wikipedia,no,control,652945,1857830,2
2018-11-01,pl.wikipedia,no,treatment,661540,2215230,3
2018-11-01,pl.wikipedia,yes,control,46,224366,2826
2018-11-01,pl.wikipedia,yes,treatment,54,190568,2918.5
2018-11-02,bg.wikipedia,no,control,124177,191236,2
2018-11-02,bg.wikipedia,no,treatment,124189,188320,2
2018-11-02,bg.wikipedia,yes,control,53,28279,344
2018-11-02,bg.wikipedia,yes,treatment,47,19976,356
2018-11-02,en.wikipedia,no,control,2895907,46774799,4
2018-11-02,en.wikipedia,no,treatment,2886549,46826051,4
2018-11-02,en.wikipedia,yes,control,52,2345042,25430
2018-11-02,en.wikipedia,yes,treatment,48,2302162,29654
2018-11-02,es.wikipedia,no,control,723251,8523447,4
2018-11-02,es.wikipedia,no,treatment,725229,9079405,4
2018-11-02,es.wikipedia,yes,control,46,682036,9321
2018-11-02,es.wikipedia,yes,treatment,54,438213,6493.5
2018-11-02,pl.wikipedia,no,control,652952,1830404,2
2018-11-02,pl.wikipedia,no,treatment,661533,2186692,3
2018-11-02,pl.wikipedia,yes,control,39,103608,1858
2018-11-02,pl.wikipedia,yes,treatment,61,197063,2023
2018-11-03,bg.wikipedia,no,control,124176,195943,2
2018-11-03,bg.wikipedia,no,treatment,124190,192509,2
2018-11-03,bg.wikipedia,yes,control,54,23929,279.5
2018-11-03,bg.wikipedia,yes,treatment,46,20909,281
2018-11-03,en.wikipedia,no,control,2895907,44102283,4
2018-11-03,en.wikipedia,no,treatment,2886549,44005428,4
2018-11-03,en.wikipedia,yes,control,52,1802218,26468
2018-11-03,en.wikipedia,yes,treatment,48,2041854,28022
2018-11-03,es.wikipedia,no,control,723248,8107653,4
2018-11-03,es.wikipedia,no,treatment,725232,8578598,4
2018-11-03,es.wikipedia,yes,control,49,538235,6807
2018-11-03,es.wikipedia,yes,treatment,51,361193,5225
2018-11-03,pl.wikipedia,no,control,652953,2028747,2
2018-11-03,pl.wikipedia,no,treatment,661532,2428286,3
2018-11-03,pl.wikipedia,yes,control,38,108378,2177.5
2018-11-03,pl.wikipedia,yes,treatment,62,221056,2276
2018-11-04,bg.wikipedia,no,control,124180,222908,2
2018-11-04,bg.wikipedia,no,treatment,124186,220372,2
2018-11-04,bg.wikipedia,yes,control,50,22504,317.5
2018-11-04,bg.wikipedia,yes,treatment,50,22414,293.5
2018-11-04,en.wikipedia,no,control,2895902,48409915,4
2018-11-04,en.wikipedia,no,treatment,2886554,48728673,4
2018-11-04,en.wikipedia,yes,control,57,2408533,32746
2018-11-04,en.wikipedia,yes,treatment,43,2279211,34370
2018-11-04,es.wikipedia,no,control,723248,9540135,4
2018-11-04,es.wikipedia,no,treatment,725232,10138834,4
2018-11-04,es.wikipedia,yes,control,49,598737,7946
2018-11-04,es.wikipedia,yes,treatment,51,463280,6594
2018-11-04,pl.wikipedia,no,control,652952,2381196,3
2018-11-04,pl.wikipedia,no,treatment,661533,2894663,3
2018-11-04,pl.wikipedia,yes,control,39,156586,2492
2018-11-04,pl.wikipedia,yes,treatment,61,288942,2367
2018-11-05,bg.wikipedia,no,control,124175,233201,2
2018-11-05,bg.wikipedia,no,treatment,124191,231956,2
2018-11-05,bg.wikipedia,yes,control,55,55002,366
2018-11-05,bg.wikipedia,yes,treatment,45,25348,375
2018-11-05,en.wikipedia,no,control,2895901,50990854,4
2018-11-05,en.wikipedia,no,treatment,2886555,51251681,4
2018-11-05,en.wikipedia,yes,control,58,2451801,29961.5
2018-11-05,en.wikipedia,yes,treatment,42,2505922,31170
2018-11-05,es.wikipedia,no,control,723251,11458512,5
2018-11-05,es.wikipedia,no,treatment,725229,12176682,5
2018-11-05,es.wikipedia,yes,control,46,725026,8744.5
2018-11-05,es.wikipedia,yes,treatment,54,555032,7550
2018-11-05,pl.wikipedia,no,control,652953,2270253,3
2018-11-05,pl.wikipedia,no,treatment,661532,2808758,3
2018-11-05,pl.wikipedia,yes,control,38,203162,2823.5
2018-11-05,pl.wikipedia,yes,treatment,62,265192,2639
2018-11-06,bg.wikipedia,no,control,124184,239396,2
2018-11-06,bg.wikipedia,no,treatment,124182,237660,2
2018-11-06,bg.wikipedia,yes,control,46,29003,389
2018-11-06,bg.wikipedia,yes,treatment,54,24860,353
2018-11-06,en.wikipedia,no,control,2895907,50337555,4
2018-11-06,en.wikipedia,no,treatment,2886549,50381882,4
2018-11-06,en.wikipedia,yes,control,52,2121253,29023.5
2018-11-06,en.wikipedia,yes,treatment,48,2298993,31893.5
2018-11-06,es.wikipedia,no,control,723253,12097799,5
2018-11-06,es.wikipedia,no,treatment,725227,12854419,5
2018-11-06,es.wikipedia,yes,control,44,602183,9475
2018-11-06,es.wikipedia,yes,treatment,56,540205,8404.5
2018-11-06,pl.wikipedia,no,control,652953,2254683,3
2018-11-06,pl.wikipedia,no,treatment,661532,2779768,3
2018-11-06,pl.wikipedia,yes,control,38,107691,1785
2018-11-06,pl.wikipedia,yes,treatment,62,286970,2210
2018-11-07,bg.wikipedia,no,control,124181,238383,2
2018-11-07,bg.wikipedia,no,treatment,124185,235572,2
2018-11-07,bg.wikipedia,yes,control,49,41984,424
2018-11-07,bg.wikipedia,yes,treatment,51,30342,393
2018-11-07,en.wikipedia,no,control,2895903,49763520,4
2018-11-07,en.wikipedia,no,treatment,2886553,50020195,4
2018-11-07,en.wikipedia,yes,control,56,4154647,44920.5
2018-11-07,en.wikipedia,yes,treatment,44,3597863,40124
2018-11-07,es.wikipedia,no,control,723249,12083688,5
2018-11-07,es.wikipedia,no,treatment,725231,12825760,5
2018-11-07,es.wikipedia,yes,control,48,663360,9337
2018-11-07,es.wikipedia,yes,treatment,52,503968,8115.5
2018-11-07,pl.wikipedia,no,control,652952,2211857,3
2018-11-07,pl.wikipedia,no,treatment,661533,2709406,3
2018-11-07,pl.wikipedia,yes,control,39,111883,2158
2018-11-07,pl.wikipedia,yes,treatment,61,331652,2600
2018-11-08,bg.wikipedia,no,control,124181,232596,2
2018-11-08,bg.wikipedia,no,treatment,124185,229624,2
2018-11-08,bg.wikipedia,yes,control,49,52613,372
2018-11-08,bg.wikipedia,yes,treatment,51,33256,327
2018-11-08,en.wikipedia,no,control,2895907,48901240,4
2018-11-08,en.wikipedia,no,treatment,2886549,48718715,4
2018-11-08,en.wikipedia,yes,control,52,1963773,25649.5
2018-11-08,en.wikipedia,yes,treatment,48,2296178,29216.5
2018-11-08,es.wikipedia,no,control,723252,11705100,5
2018-11-08,es.wikipedia,no,treatment,725228,12441613,5
2018-11-08,es.wikipedia,yes,control,45,509394,7223
2018-11-08,es.wikipedia,yes,treatment,55,487329,7399
2018-11-08,pl.wikipedia,no,control,652958,2074356,3
2018-11-08,pl.wikipedia,no,treatment,661527,2520192,3
2018-11-08,pl.wikipedia,yes,control,33,90755,2288
2018-11-08,pl.wikipedia,yes,treatment,67,300479,2144
2018-11-09,bg.wikipedia,no,control,124175,207337,2
2018-11-09,bg.wikipedia,no,treatment,124191,209498,2
2018-11-09,bg.wikipedia,yes,control,55,34089,352
2018-11-09,bg.wikipedia,yes,treatment,45,25590,336
2018-11-09,en.wikipedia,no,control,2895919,47106687,4
2018-11-09,en.wikipedia,no,treatment,2886537,47011064,4
2018-11-09,en.wikipedia,yes,control,40,1539191,30653
2018-11-09,en.wikipedia,yes,treatment,60,2853221,33496.5
2018-11-09,es.wikipedia,no,control,723254,10082426,4
2018-11-09,es.wikipedia,no,treatment,725226,10668524,4
2018-11-09,es.wikipedia,yes,control,43,450812,6277
2018-11-09,es.wikipedia,yes,treatment,57,445551,6187
2018-11-09,pl.wikipedia,no,control,652953,1797440,2
2018-11-09,pl.wikipedia,no,treatment,661532,2133337,3
2018-11-09,pl.wikipedia,yes,control,38,96753,1894
2018-11-09,pl.wikipedia,yes,treatment,62,279849,2171.5
2018-11-10,bg.wikipedia,no,control,124179,201469,2
2018-11-10,bg.wikipedia,no,treatment,124187,197217,2
2018-11-10,bg.wikipedia,yes,control,51,24949,349
2018-11-10,bg.wikipedia,yes,treatment,49,27614,356
2018-11-10,en.wikipedia,no,control,2895915,44943624,4
2018-11-10,en.wikipedia,no,treatment,2886541,45021070,4
2018-11-10,en.wikipedia,yes,control,44,1669089,27499.5
2018-11-10,en.wikipedia,yes,treatment,56,3257898,30368
2018-11-10,es.wikipedia,no,control,723248,8366831,4
2018-11-10,es.wikipedia,no,treatment,725232,8828206,4
2018-11-10,es.wikipedia,yes,control,49,605678,5903
2018-11-10,es.wikipedia,yes,treatment,51,425755,5834
2018-11-10,pl.wikipedia,no,control,652948,1792207,2
2018-11-10,pl.wikipedia,no,treatment,661537,2148192,3
2018-11-10,pl.wikipedia,yes,control,43,153509,2576
2018-11-10,pl.wikipedia,yes,treatment,57,306271,2846
2018-11-11,bg.wikipedia,no,control,124188,230576,2
2018-11-11,bg.wikipedia,no,treatment,124178,220684,2
2018-11-11,bg.wikipedia,yes,control,42,22818,314
2018-11-11,bg.wikipedia,yes,treatment,58,25332,300.5
2018-11-11,en.wikipedia,no,control,2895914,49612232,4
2018-11-11,en.wikipedia,no,treatment,2886542,49513365,4
2018-11-11,en.wikipedia,yes,control,45,2236346,33991
2018-11-11,en.wikipedia,yes,treatment,55,2990062,35579
2018-11-11,es.wikipedia,no,control,723246,10031614,4
2018-11-11,es.wikipedia,no,treatment,725234,10600854,4
2018-11-11,es.wikipedia,yes,control,51,746530,8840
2018-11-11,es.wikipedia,yes,treatment,49,696145,9490
2018-11-11,pl.wikipedia,no,control,652953,2215954,3
2018-11-11,pl.wikipedia,no,treatment,661532,2669298,3
2018-11-11,pl.wikipedia,yes,control,38,274232,4926.5
2018-11-11,pl.wikipedia,yes,treatment,62,800159,5605
2018-11-12,bg.wikipedia,no,control,124177,238371,3
2018-11-12,bg.wikipedia,no,treatment,124189,236921,2
2018-11-12,bg.wikipedia,yes,control,53,41605,411
2018-11-12,bg.wikipedia,yes,treatment,47,36083,343
2018-11-12,en.wikipedia,no,control,2895916,52127747,4
2018-11-12,en.wikipedia,no,treatment,2886540,52233124,4
2018-11-12,en.wikipedia,yes,control,43,3716824,30093
2018-11-12,en.wikipedia,yes,treatment,57,2486466,30332
2018-11-12,es.wikipedia,no,control,723249,11814248,5
2018-11-12,es.wikipedia,no,treatment,725231,12527920,5
2018-11-12,es.wikipedia,yes,control,48,1422859,8627.5
2018-11-12,es.wikipedia,yes,treatment,52,570658,8355.5
2018-11-12,pl.wikipedia,no,control,652951,2385103,3
2018-11-12,pl.wikipedia,no,treatment,661534,2926714,3
2018-11-12,pl.wikipedia,yes,control,40,207176,3025
2018-11-12,pl.wikipedia,yes,treatment,60,435839,3241.5
2018-11-13,bg.wikipedia,no,control,124179,244959,3
2018-11-13,bg.wikipedia,no,treatment,124187,240503,2
2018-11-13,bg.wikipedia,yes,control,51,33437,439
2018-11-13,bg.wikipedia,yes,treatment,49,32629,378
2018-11-13,en.wikipedia,no,control,2895914,51443850,4
2018-11-13,en.wikipedia,no,treatment,2886542,51293613,4
2018-11-13,en.wikipedia,yes,control,45,3374509,31550
2018-11-13,en.wikipedia,yes,treatment,55,2696821,31461
2018-11-13,es.wikipedia,no,control,723251,12025178,5
2018-11-13,es.wikipedia,no,treatment,725229,12738406,5
2018-11-13,es.wikipedia,yes,control,46,946979,7991.5
2018-11-13,es.wikipedia,yes,treatment,54,518985,7699
2018-11-13,pl.wikipedia,no,control,652959,2294800,3
2018-11-13,pl.wikipedia,no,treatment,661526,2807909,3
2018-11-13,pl.wikipedia,yes,control,32,131147,2719.5
2018-11-13,pl.wikipedia,yes,treatment,68,401257,2582
2018-11-14,bg.wikipedia,no,control,124180,245825,3
2018-11-14,bg.wikipedia,no,treatment,124186,242632,2
2018-11-14,bg.wikipedia,yes,control,50,29318,435.5
2018-11-14,bg.wikipedia,yes,treatment,50,26386,417.5
2018-11-14,en.wikipedia,no,control,2895908,50162851,4
2018-11-14,en.wikipedia,no,treatment,2886548,50200946,4
2018-11-14,en.wikipedia,yes,control,51,2120003,24686
2018-11-14,en.wikipedia,yes,treatment,49,1849055,25557
2018-11-14,es.wikipedia,no,control,723256,11688967,5
2018-11-14,es.wikipedia,no,treatment,725224,12341325,5
2018-11-14,es.wikipedia,yes,control,41,560341,7495
2018-11-14,es.wikipedia,yes,treatment,59,585512,8052
2018-11-14,pl.wikipedia,no,control,652956,2261971,3
2018-11-14,pl.wikipedia,no,treatment,661529,2792288,3
2018-11-14,pl.wikipedia,yes,control,35,115151,2248
2018-11-14,pl.wikipedia,yes,treatment,65,274484,2232
2018-11-15,bg.wikipedia,no,control,124178,240655,2
2018-11-15,bg.wikipedia,no,treatment,124188,237437,2
2018-11-15,bg.wikipedia,yes,control,52,34593,384.5
2018-11-15,bg.wikipedia,yes,treatment,48,20308,330
2018-11-15,en.wikipedia,no,control,2895916,49616075,4
2018-11-15,en.wikipedia,no,treatment,2886540,49453236,4
2018-11-15,en.wikipedia,yes,control,43,1808593,25962
2018-11-15,en.wikipedia,yes,treatment,57,2317025,31008
2018-11-15,es.wikipedia,no,control,723253,11176088,4
2018-11-15,es.wikipedia,no,treatment,725227,11803788,5
2018-11-15,es.wikipedia,yes,control,44,489649,7611
2018-11-15,es.wikipedia,yes,treatment,56,526017,7375
2018-11-15,pl.wikipedia,no,control,652954,2183757,3
2018-11-15,pl.wikipedia,no,treatment,661531,2682347,3
2018-11-15,pl.wikipedia,yes,control,37,118352,2114
2018-11-15,pl.wikipedia,yes,treatment,63,219578,2156
2018-11-16,bg.wikipedia,no,control,124175,212527,2
2018-11-16,bg.wikipedia,no,treatment,124191,211936,2
2018-11-16,bg.wikipedia,yes,control,55,75322,540
2018-11-16,bg.wikipedia,yes,treatment,45,18961,321
2018-11-16,en.wikipedia,no,control,2895918,46800477,4
2018-11-16,en.wikipedia,no,treatment,2886538,46699645,4
2018-11-16,en.wikipedia,yes,control,41,1768968,30719
2018-11-16,en.wikipedia,yes,treatment,59,3060547,27835
2018-11-16,es.wikipedia,no,control,723252,9561486,4
2018-11-16,es.wikipedia,no,treatment,725228,10050659,4
2018-11-16,es.wikipedia,yes,control,45,694606,8109
2018-11-16,es.wikipedia,yes,treatment,55,443936,7276
2018-11-16,pl.wikipedia,no,control,652956,1893135,2
2018-11-16,pl.wikipedia,no,treatment,661529,2265530,3
2018-11-16,pl.wikipedia,yes,control,35,81715,1761
2018-11-16,pl.wikipedia,yes,treatment,65,178456,1763
2018-11-17,bg.wikipedia,no,control,124186,207014,2
2018-11-17,bg.wikipedia,no,treatment,124180,199914,2
2018-11-17,bg.wikipedia,yes,control,44,19162,292
2018-11-17,bg.wikipedia,yes,treatment,56,29857,329.5
2018-11-17,en.wikipedia,no,control,2895910,44108487,4
2018-11-17,en.wikipedia,no,treatment,2886546,44153915,4
2018-11-17,en.wikipedia,yes,control,49,2007362,28796
2018-11-17,en.wikipedia,yes,treatment,51,1882074,26655
2018-11-17,es.wikipedia,no,control,723254,7777046,4
2018-11-17,es.wikipedia,no,treatment,725226,8186938,4
2018-11-17,es.wikipedia,yes,control,43,552996,7755
2018-11-17,es.wikipedia,yes,treatment,57,482322,5778
2018-11-17,pl.wikipedia,no,control,652956,1901222,2
2018-11-17,pl.wikipedia,no,treatment,661529,2246310,3
2018-11-17,pl.wikipedia,yes,control,35,105487,2246
2018-11-17,pl.wikipedia,yes,treatment,65,208029,2517
2018-11-18,bg.wikipedia,no,control,124186,242320,2
2018-11-18,bg.wikipedia,no,treatment,124180,233861,2
2018-11-18,bg.wikipedia,yes,control,44,22700,356.5
2018-11-18,bg.wikipedia,yes,treatment,56,27837,378.5
2018-11-18,en.wikipedia,no,control,2895909,48947790,4
2018-11-18,en.wikipedia,no,treatment,2886547,48850423,4
2018-11-18,en.wikipedia,yes,control,50,2314918,31842
2018-11-18,en.wikipedia,yes,treatment,50,2453062,37518
2018-11-18,es.wikipedia,no,control,723251,8996677,4
2018-11-18,es.wikipedia,no,treatment,725229,9482309,4
2018-11-18,es.wikipedia,yes,control,46,687042,8593.5
2018-11-18,es.wikipedia,yes,treatment,54,545536,7443
2018-11-18,pl.wikipedia,no,control,652950,2449583,3
2018-11-18,pl.wikipedia,no,treatment,661535,2963665,3
2018-11-18,pl.wikipedia,yes,control,41,134804,2577
2018-11-18,pl.wikipedia,yes,treatment,59,220336,2722
2018-11-19,bg.wikipedia,no,control,124186,245885,3
2018-11-19,bg.wikipedia,no,treatment,124180,241921,2
2018-11-19,bg.wikipedia,yes,control,44,25503,430.5
2018-11-19,bg.wikipedia,yes,treatment,56,31235,387
2018-11-19,en.wikipedia,no,control,2895910,50867104,4
2018-11-19,en.wikipedia,no,treatment,2886546,50770613,4
2018-11-19,en.wikipedia,yes,control,49,2151004,34443
2018-11-19,en.wikipedia,yes,treatment,51,2408747,33878
2018-11-19,es.wikipedia,no,control,723254,10450512,4
2018-11-19,es.wikipedia,no,treatment,725226,10962469,4
2018-11-19,es.wikipedia,yes,control,43,685622,10568
2018-11-19,es.wikipedia,yes,treatment,57,616497,7746
2018-11-19,pl.wikipedia,no,control,652951,2290953,3
2018-11-19,pl.wikipedia,no,treatment,661534,2786213,3
2018-11-19,pl.wikipedia,yes,control,40,98866,1982.5
2018-11-19,pl.wikipedia,yes,treatment,60,170494,1869
2018-11-20,bg.wikipedia,no,control,124188,251533,3
2018-11-20,bg.wikipedia,no,treatment,124178,246916,2
2018-11-20,bg.wikipedia,yes,control,42,25539,403.5
2018-11-20,bg.wikipedia,yes,treatment,58,45911,413
2018-11-20,en.wikipedia,no,control,2895910,49342543,4
2018-11-20,en.wikipedia,no,treatment,2886546,49057926,4
2018-11-20,en.wikipedia,yes,control,49,2664342,39395
2018-11-20,en.wikipedia,yes,treatment,51,2233815,30085
2018-11-20,es.wikipedia,no,control,723253,11225636,4
2018-11-20,es.wikipedia,no,treatment,725227,11863013,5
2018-11-20,es.wikipedia,yes,control,44,638343,8488
2018-11-20,es.wikipedia,yes,treatment,56,574189,8508.5
2018-11-20,pl.wikipedia,no,control,652953,2260593,3
2018-11-20,pl.wikipedia,no,treatment,661532,2756883,3
2018-11-20,pl.wikipedia,yes,control,38,153627,2267
2018-11-20,pl.wikipedia,yes,treatment,62,180425,2011
2018-11-21,bg.wikipedia,no,control,124188,250004,3
2018-11-21,bg.wikipedia,no,treatment,124178,244188,3
2018-11-21,bg.wikipedia,yes,control,42,25764,455
2018-11-21,bg.wikipedia,yes,treatment,58,46836,451
2018-11-21,en.wikipedia,no,control,2895909,47494196,4
2018-11-21,en.wikipedia,no,treatment,2886547,47325756,4
2018-11-21,en.wikipedia,yes,control,50,2555197,30510
2018-11-21,en.wikipedia,yes,treatment,50,1953209,27755.5
2018-11-21,es.wikipedia,no,control,723249,11295191,4
2018-11-21,es.wikipedia,no,treatment,725231,11918327,5
2018-11-21,es.wikipedia,yes,control,48,611269,8753.5
2018-11-21,es.wikipedia,yes,treatment,52,569296,8160
2018-11-21,pl.wikipedia,no,control,652947,2222110,3
2018-11-21,pl.wikipedia,no,treatment,661538,2691317,3
2018-11-21,pl.wikipedia,yes,control,44,165518,2178.5
2018-11-21,pl.wikipedia,yes,treatment,56,148622,1878.5
2018-11-22,bg.wikipedia,no,control,124184,242490,2
2018-11-22,bg.wikipedia,no,treatment,124182,235047,2
2018-11-22,bg.wikipedia,yes,control,46,32278,476
2018-11-22,bg.wikipedia,yes,treatment,54,26463,368
2018-11-22,en.wikipedia,no,control,2895906,46186203,4
2018-11-22,en.wikipedia,no,treatment,2886550,46011365,4
2018-11-22,en.wikipedia,yes,control,53,3328127,38094
2018-11-22,en.wikipedia,yes,treatment,47,2133502,31392
2018-11-22,es.wikipedia,no,control,723245,11013478,4
2018-11-22,es.wikipedia,no,treatment,725235,11649205,5
2018-11-22,es.wikipedia,yes,control,52,569078,7704.5
2018-11-22,es.wikipedia,yes,treatment,48,663857,8116
2018-11-22,pl.wikipedia,no,control,652952,2161866,3
2018-11-22,pl.wikipedia,no,treatment,661533,2617868,3
2018-11-22,pl.wikipedia,yes,control,39,138249,1881
2018-11-22,pl.wikipedia,yes,treatment,61,173217,1856
2018-11-23,bg.wikipedia,no,control,124178,203201,2
2018-11-23,bg.wikipedia,no,treatment,124188,200988,2
2018-11-23,bg.wikipedia,yes,control,52,23423,303.5
2018-11-23,bg.wikipedia,yes,treatment,48,28598,371.5
2018-11-23,en.wikipedia,no,control,2895907,44629866,4
2018-11-23,en.wikipedia,no,treatment,2886549,44309469,4
2018-11-23,en.wikipedia,yes,control,52,2863616,31064.5
2018-11-23,en.wikipedia,yes,treatment,48,1946937,28459
2018-11-23,es.wikipedia,no,control,723253,9355664,4
2018-11-23,es.wikipedia,no,treatment,725227,9840602,4
2018-11-23,es.wikipedia,yes,control,44,423347,6850
2018-11-23,es.wikipedia,yes,treatment,56,633891,6717.5
2018-11-23,pl.wikipedia,no,control,652952,1823083,2
2018-11-23,pl.wikipedia,no,treatment,661533,2169596,3
2018-11-23,pl.wikipedia,yes,control,39,119038,1886
2018-11-23,pl.wikipedia,yes,treatment,61,143894,1500
2018-11-24,bg.wikipedia,no,control,124181,202696,2
2018-11-24,bg.wikipedia,no,treatment,124185,197409,2
2018-11-24,bg.wikipedia,yes,control,49,25762,395
2018-11-24,bg.wikipedia,yes,treatment,51,20987,293
2018-11-24,en.wikipedia,no,control,2895900,45655150,4
2018-11-24,en.wikipedia,no,treatment,2886556,45489190,4
2018-11-24,en.wikipedia,yes,control,59,2936453,31029
2018-11-24,en.wikipedia,yes,treatment,41,1662748,30390
2018-11-24,es.wikipedia,no,control,723251,7670699,4
2018-11-24,es.wikipedia,no,treatment,725229,8037546,4
2018-11-24,es.wikipedia,yes,control,46,497806,6725
2018-11-24,es.wikipedia,yes,treatment,54,494351,6046
2018-11-24,pl.wikipedia,no,control,652953,1887799,2
2018-11-24,pl.wikipedia,no,treatment,661532,2222887,3
2018-11-24,pl.wikipedia,yes,control,38,129646,2085
2018-11-24,pl.wikipedia,yes,treatment,62,160126,1835.5
2018-11-25,bg.wikipedia,no,control,124182,236632,2
2018-11-25,bg.wikipedia,no,treatment,124184,231265,2
2018-11-25,bg.wikipedia,yes,control,48,22803,379
2018-11-25,bg.wikipedia,yes,treatment,52,24330,404
2018-11-25,en.wikipedia,no,control,2895895,50172158,4
2018-11-25,en.wikipedia,no,treatment,2886561,49854288,4
2018-11-25,en.wikipedia,yes,control,64,2999320,36377.5
2018-11-25,en.wikipedia,yes,treatment,36,1443074,29723
2018-11-25,es.wikipedia,no,control,723252,9121836,4
2018-11-25,es.wikipedia,no,treatment,725228,9600893,4
2018-11-25,es.wikipedia,yes,control,45,571712,9102
2018-11-25,es.wikipedia,yes,treatment,55,537124,7372
2018-11-25,pl.wikipedia,no,control,652952,2324674,3
2018-11-25,pl.wikipedia,no,treatment,661533,2804671,3
2018-11-25,pl.wikipedia,yes,control,39,134326,2146
2018-11-25,pl.wikipedia,yes,treatment,61,243763,2423
2018-11-26,bg.wikipedia,no,control,124183,248967,3
2018-11-26,bg.wikipedia,no,treatment,124183,248363,3
2018-11-26,bg.wikipedia,yes,control,47,28857,468
2018-11-26,bg.wikipedia,yes,treatment,53,32469,432
2018-11-26,en.wikipedia,no,control,2895898,52309098,4
2018-11-26,en.wikipedia,no,treatment,2886558,52066661,4
2018-11-26,en.wikipedia,yes,control,61,2494124,30123
2018-11-26,en.wikipedia,yes,treatment,39,1325630,28508
2018-11-26,es.wikipedia,no,control,723250,10892776,4
2018-11-26,es.wikipedia,no,treatment,725230,11523222,4
2018-11-26,es.wikipedia,yes,control,47,512842,7660
2018-11-26,es.wikipedia,yes,treatment,53,542028,7699
2018-11-26,pl.wikipedia,no,control,652957,2324668,3
2018-11-26,pl.wikipedia,no,treatment,661528,2837094,3
2018-11-26,pl.wikipedia,yes,control,34,109178,2929
2018-11-26,pl.wikipedia,yes,treatment,66,244288,2255
2018-11-27,bg.wikipedia,no,control,124187,255314,2
2018-11-27,bg.wikipedia,no,treatment,124179,251901,2
2018-11-27,bg.wikipedia,yes,control,43,28180,404
2018-11-27,bg.wikipedia,yes,treatment,57,30231,391
2018-11-27,en.wikipedia,no,control,2895903,51376382,4
2018-11-27,en.wikipedia,no,treatment,2886553,51154928,4
2018-11-27,en.wikipedia,yes,control,56,2200231,25320
2018-11-27,en.wikipedia,yes,treatment,44,1558255,23939
2018-11-27,es.wikipedia,no,control,723251,11008611,4
2018-11-27,es.wikipedia,no,treatment,725229,11683647,4
2018-11-27,es.wikipedia,yes,control,46,425704,7659.5
2018-11-27,es.wikipedia,yes,treatment,54,554322,8042
2018-11-27,pl.wikipedia,no,control,652954,2306245,3
2018-11-27,pl.wikipedia,no,treatment,661531,2806548,3
2018-11-27,pl.wikipedia,yes,control,37,126976,2300
2018-11-27,pl.wikipedia,yes,treatment,63,179836,2240
2018-11-28,bg.wikipedia,no,control,124182,245506,2
2018-11-28,bg.wikipedia,no,treatment,124184,246875,2
2018-11-28,bg.wikipedia,yes,control,48,23025,373.5
2018-11-28,bg.wikipedia,yes,treatment,52,24723,383
2018-11-28,en.wikipedia,no,control,2895900,50965486,4
2018-11-28,en.wikipedia,no,treatment,2886556,50724634,4
2018-11-28,en.wikipedia,yes,control,59,1968117,24785
2018-11-28,en.wikipedia,yes,treatment,41,1473581,24523
2018-11-28,es.wikipedia,no,control,723253,10749055,4
2018-11-28,es.wikipedia,no,treatment,725227,11371133,4
2018-11-28,es.wikipedia,yes,control,44,392480,7156
2018-11-28,es.wikipedia,yes,treatment,56,606556,7297.5
2018-11-28,pl.wikipedia,no,control,652959,2265423,3
2018-11-28,pl.wikipedia,no,treatment,661526,2738532,3
2018-11-28,pl.wikipedia,yes,control,32,104020,2127.5
2018-11-28,pl.wikipedia,yes,treatment,68,249712,1855.5
2018-11-29,bg.wikipedia,no,control,124181,238939,2
2018-11-29,bg.wikipedia,no,treatment,124185,240010,2
2018-11-29,bg.wikipedia,yes,control,49,22694,357
2018-11-29,bg.wikipedia,yes,treatment,51,20339,349
2018-11-29,en.wikipedia,no,control,2895902,50219163,4
2018-11-29,en.wikipedia,no,treatment,2886554,49793378,4
2018-11-29,en.wikipedia,yes,control,57,2611879,25792
2018-11-29,en.wikipedia,yes,treatment,43,1271318,24590
2018-11-29,es.wikipedia,no,control,723251,10130145,4
2018-11-29,es.wikipedia,no,treatment,725229,10732083,4
2018-11-29,es.wikipedia,yes,control,46,408488,6345
2018-11-29,es.wikipedia,yes,treatment,54,775858,7201
2018-11-29,pl.wikipedia,no,control,652950,2154311,3
2018-11-29,pl.wikipedia,no,treatment,661535,2619405,3
2018-11-29,pl.wikipedia,yes,control,41,112819,1914
2018-11-29,pl.wikipedia,yes,treatment,59,189894,2024
2018-11-30,bg.wikipedia,no,control,124184,210121,2
2018-11-30,bg.wikipedia,no,treatment,124182,207751,2
2018-11-30,bg.wikipedia,yes,control,46,29153,318
2018-11-30,bg.wikipedia,yes,treatment,54,25612,306
2018-11-30,en.wikipedia,no,control,2895904,47698562,4
2018-11-30,en.wikipedia,no,treatment,2886552,47215732,4
2018-11-30,en.wikipedia,yes,control,55,2285373,27079
2018-11-30,en.wikipedia,yes,treatment,45,1415457,26291
2018-11-30,es.wikipedia,no,control,723255,8376644,4
2018-11-30,es.wikipedia,no,treatment,725225,8866910,4
2018-11-30,es.wikipedia,yes,control,42,388518,6317.5
2018-11-30,es.wikipedia,yes,treatment,58,641710,6291.5
2018-11-30,pl.wikipedia,no,control,652946,1866606,2
2018-11-30,pl.wikipedia,no,treatment,661539,2229188,3
2018-11-30,pl.wikipedia,yes,control,45,127186,1606
2018-11-30,pl.wikipedia,yes,treatment,55,131705,1785
2018-12-01,bg.wikipedia,no,control,124176,200921,2
2018-12-01,bg.wikipedia,no,treatment,124190,198231,2
2018-12-01,bg.wikipedia,yes,control,54,24562,296
2018-12-01,bg.wikipedia,yes,treatment,46,19694,286.5
2018-12-01,en.wikipedia,no,control,2895897,44843257,4
2018-12-01,en.wikipedia,no,treatment,2886559,44725768,4
2018-12-01,en.wikipedia,yes,control,62,3231747,32156.5
2018-12-01,en.wikipedia,yes,treatment,38,3155085,33356.5
2018-12-01,es.wikipedia,no,control,723247,7024075,4
2018-12-01,es.wikipedia,no,treatment,725233,7389177,4
2018-12-01,es.wikipedia,yes,control,50,567599,7411
2018-12-01,es.wikipedia,yes,treatment,50,570566,7025
2018-12-01,pl.wikipedia,no,control,652943,1895310,2
2018-12-01,pl.wikipedia,no,treatment,661542,2257922,3
2018-12-01,pl.wikipedia,yes,control,48,284097,3471.5
2018-12-01,pl.wikipedia,yes,treatment,52,205358,3062.5
2018-12-02,bg.wikipedia,no,control,124172,232708,2
2018-12-02,bg.wikipedia,no,treatment,124194,231573,2
2018-12-02,bg.wikipedia,yes,control,58,31403,362
2018-12-02,bg.wikipedia,yes,treatment,42,19767,371
2018-12-02,en.wikipedia,no,control,2895900,49495757,4
2018-12-02,en.wikipedia,no,treatment,2886556,48908705,4
2018-12-02,en.wikipedia,yes,control,59,3240607,34470
2018-12-02,en.wikipedia,yes,treatment,41,2413549,35666
2018-12-02,es.wikipedia,no,control,723245,8307155,4
2018-12-02,es.wikipedia,no,treatment,725235,8774074,4
2018-12-02,es.wikipedia,yes,control,52,663785,9051.5
2018-12-02,es.wikipedia,yes,treatment,48,622691,8222
2018-12-02,pl.wikipedia,no,control,652946,2308877,3
2018-12-02,pl.wikipedia,no,treatment,661539,2800473,3
2018-12-02,pl.wikipedia,yes,control,45,237585,3009
2018-12-02,pl.wikipedia,yes,treatment,55,226889,2707
2018-12-03,bg.wikipedia,no,control,124180,234460,2
2018-12-03,bg.wikipedia,no,treatment,124186,235803,2
2018-12-03,bg.wikipedia,yes,control,50,47718,412
2018-12-03,bg.wikipedia,yes,treatment,50,31439,415.5
2018-12-03,en.wikipedia,no,control,2895902,52788223,4
2018-12-03,en.wikipedia,no,treatment,2886554,52556385,4
2018-12-03,en.wikipedia,yes,control,57,2986053,31527
2018-12-03,en.wikipedia,yes,treatment,43,2590416,34983
2018-12-03,es.wikipedia,no,control,723244,9570776,4
2018-12-03,es.wikipedia,no,treatment,725236,10224768,4
2018-12-03,es.wikipedia,yes,control,53,669420,7749
2018-12-03,es.wikipedia,yes,treatment,47,600517,8028
2018-12-03,pl.wikipedia,no,control,652952,2269463,3
2018-12-03,pl.wikipedia,no,treatment,661533,2776201,3
2018-12-03,pl.wikipedia,yes,control,39,140353,2257
2018-12-03,pl.wikipedia,yes,treatment,61,290321,2181
2018-12-04,bg.wikipedia,no,control,124179,240324,2
2018-12-04,bg.wikipedia,no,treatment,124187,238265,2
2018-12-04,bg.wikipedia,yes,control,51,37484,433
2018-12-04,bg.wikipedia,yes,treatment,49,31701,408
2018-12-04,en.wikipedia,no,control,2895905,51086321,4
2018-12-04,en.wikipedia,no,treatment,2886551,50970965,4
2018-12-04,en.wikipedia,yes,control,54,2936413,28121.5
2018-12-04,en.wikipedia,yes,treatment,46,2623821,34710
2018-12-04,es.wikipedia,no,control,723254,9653911,4
2018-12-04,es.wikipedia,no,treatment,725226,10204137,4
2018-12-04,es.wikipedia,yes,control,43,516997,8244
2018-12-04,es.wikipedia,yes,treatment,57,765835,7296
2018-12-04,pl.wikipedia,no,control,652959,2249722,3
2018-12-04,pl.wikipedia,no,treatment,661526,2737066,3
2018-12-04,pl.wikipedia,yes,control,32,126428,2516
2018-12-04,pl.wikipedia,yes,treatment,68,204748,2098.5
2018-12-05,bg.wikipedia,no,control,124180,238906,2
2018-12-05,bg.wikipedia,no,treatment,124186,238988,2
2018-12-05,bg.wikipedia,yes,control,50,35857,442.5
2018-12-05,bg.wikipedia,yes,treatment,50,23831,352.5
2018-12-05,en.wikipedia,no,control,2895900,50479488,4
2018-12-05,en.wikipedia,no,treatment,2886556,50321742,4
2018-12-05,en.wikipedia,yes,control,59,3411764,32912
2018-12-05,en.wikipedia,yes,treatment,41,3393350,36058
2018-12-05,es.wikipedia,no,control,723254,9260808,4
2018-12-05,es.wikipedia,no,treatment,725226,9793192,4
2018-12-05,es.wikipedia,yes,control,43,490848,7830
2018-12-05,es.wikipedia,yes,treatment,57,547103,6951
2018-12-05,pl.wikipedia,no,control,652948,2141079,3
2018-12-05,pl.wikipedia,no,treatment,661537,2615279,3
2018-12-05,pl.wikipedia,yes,control,43,174057,2280
2018-12-05,pl.wikipedia,yes,treatment,57,186373,2186
2018-12-06,bg.wikipedia,no,control,124178,221030,2
2018-12-06,bg.wikipedia,no,treatment,124188,222405,2
2018-12-06,bg.wikipedia,yes,control,52,57031,386
2018-12-06,bg.wikipedia,yes,treatment,48,25314,332.5
2018-12-06,en.wikipedia,no,control,2895901,49244473,4
2018-12-06,en.wikipedia,no,treatment,2886555,49072693,4
2018-12-06,en.wikipedia,yes,control,58,2835533,31801
2018-12-06,en.wikipedia,yes,treatment,42,2435339,31372.5
2018-12-06,es.wikipedia,no,control,723251,8977132,4
2018-12-06,es.wikipedia,no,treatment,725229,9488934,4
2018-12-06,es.wikipedia,yes,control,46,394324,6003
2018-12-06,es.wikipedia,yes,treatment,54,481124,7129
2018-12-06,pl.wikipedia,no,control,652950,2028925,3
2018-12-06,pl.wikipedia,no,treatment,661535,2451388,3
2018-12-06,pl.wikipedia,yes,control,41,232542,2209
2018-12-06,pl.wikipedia,yes,treatment,59,207701,1928
2018-12-07,bg.wikipedia,no,control,124177,207069,2
2018-12-07,bg.wikipedia,no,treatment,124189,207149,2
2018-12-07,bg.wikipedia,yes,control,53,51913,634
2018-12-07,bg.wikipedia,yes,treatment,47,32706,422
2018-12-07,en.wikipedia,no,control,2895905,46886970,4
2018-12-07,en.wikipedia,no,treatment,2886551,46671430,4
2018-12-07,en.wikipedia,yes,control,54,2743641,33365
2018-12-07,en.wikipedia,yes,treatment,46,2001367,31185
2018-12-07,es.wikipedia,no,control,723250,7945108,4
2018-12-07,es.wikipedia,no,treatment,725230,8324889,4
2018-12-07,es.wikipedia,yes,control,47,409964,6956
2018-12-07,es.wikipedia,yes,treatment,53,619148,7107
2018-12-07,pl.wikipedia,no,control,652948,1859396,2
2018-12-07,pl.wikipedia,no,treatment,661537,2212436,3
2018-12-07,pl.wikipedia,yes,control,43,127945,1927
2018-12-07,pl.wikipedia,yes,treatment,57,144797,1779
2018-12-08,bg.wikipedia,no,control,124187,191193,2
2018-12-08,bg.wikipedia,no,treatment,124179,185462,2
2018-12-08,bg.wikipedia,yes,control,43,20133,316
2018-12-08,bg.wikipedia,yes,treatment,57,23860,310
2018-12-08,en.wikipedia,no,control,2895897,44091697,4
2018-12-08,en.wikipedia,no,treatment,2886559,44078485,4
2018-12-08,en.wikipedia,yes,control,62,2429002,28760.5
2018-12-08,en.wikipedia,yes,treatment,38,1690233,31962.5
2018-12-08,es.wikipedia,no,control,723253,6684379,4
2018-12-08,es.wikipedia,no,treatment,725227,7022180,4
2018-12-08,es.wikipedia,yes,control,44,370119,6376
2018-12-08,es.wikipedia,yes,treatment,56,517184,6302
2018-12-08,pl.wikipedia,no,control,652951,1869179,2
2018-12-08,pl.wikipedia,no,treatment,661534,2193408,3
2018-12-08,pl.wikipedia,yes,control,40,156058,2544
2018-12-08,pl.wikipedia,yes,treatment,60,297171,1950.5
2018-12-09,bg.wikipedia,no,control,124177,229419,2
2018-12-09,bg.wikipedia,no,treatment,124189,228365,2
2018-12-09,bg.wikipedia,yes,control,53,31452,348
2018-12-09,bg.wikipedia,yes,treatment,47,28270,340
2018-12-09,en.wikipedia,no,control,2895897,48851628,4
2018-12-09,en.wikipedia,no,treatment,2886559,48538855,4
2018-12-09,en.wikipedia,yes,control,62,2711155,35248.5
2018-12-09,en.wikipedia,yes,treatment,38,2285463,38870.5
2018-12-09,es.wikipedia,no,control,723254,7815481,4
2018-12-09,es.wikipedia,no,treatment,725226,8251174,4
2018-12-09,es.wikipedia,yes,control,43,895871,10261
2018-12-09,es.wikipedia,yes,treatment,57,756865,8343
2018-12-09,pl.wikipedia,no,control,652947,2443162,3
2018-12-09,pl.wikipedia,no,treatment,661538,2928607,3
2018-12-09,pl.wikipedia,yes,control,44,165596,2564
2018-12-09,pl.wikipedia,yes,treatment,56,171989,2237
2018-12-10,bg.wikipedia,no,control,124180,248735,2
2018-12-10,bg.wikipedia,no,treatment,124186,246155,2
2018-12-10,bg.wikipedia,yes,control,50,58389,498
2018-12-10,bg.wikipedia,yes,treatment,50,83385,461
2018-12-10,en.wikipedia,no,control,2895907,51335930,4
2018-12-10,en.wikipedia,no,treatment,2886549,51101970,4
2018-12-10,en.wikipedia,yes,control,52,2062430,31270
2018-12-10,en.wikipedia,yes,treatment,48,2024888,28100
2018-12-10,es.wikipedia,no,control,723252,8870634,4
2018-12-10,es.wikipedia,no,treatment,725228,9435272,4
2018-12-10,es.wikipedia,yes,control,45,617111,7923
2018-12-10,es.wikipedia,yes,treatment,55,660218,7869
2018-12-10,pl.wikipedia,no,control,652950,2272249,3
2018-12-10,pl.wikipedia,no,treatment,661535,2718740,3
2018-12-10,pl.wikipedia,yes,control,41,122693,1789
2018-12-10,pl.wikipedia,yes,treatment,59,142244,2013
2018-12-11,bg.wikipedia,no,control,124184,250661,2
2018-12-11,bg.wikipedia,no,treatment,124182,245636,2
2018-12-11,bg.wikipedia,yes,control,46,33277,432
2018-12-11,bg.wikipedia,yes,treatment,54,41692,429
2018-12-11,en.wikipedia,no,control,2895901,50633237,4
2018-12-11,en.wikipedia,no,treatment,2886555,50710355,4
2018-12-11,en.wikipedia,yes,control,58,2413345,29404.5
2018-12-11,en.wikipedia,yes,treatment,42,1733731,32800.5
2018-12-11,es.wikipedia,no,control,723251,8898160,4
2018-12-11,es.wikipedia,no,treatment,725229,9508396,4
2018-12-11,es.wikipedia,yes,control,46,448396,7072
2018-12-11,es.wikipedia,yes,treatment,54,497972,6530
2018-12-11,pl.wikipedia,no,control,652957,2245926,3
2018-12-11,pl.wikipedia,no,treatment,661528,2692885,3
2018-12-11,pl.wikipedia,yes,control,34,101365,1866
2018-12-11,pl.wikipedia,yes,treatment,66,157026,1858.5
2018-12-12,bg.wikipedia,no,control,124182,244729,3
2018-12-12,bg.wikipedia,no,treatment,124184,242853,2
2018-12-12,bg.wikipedia,yes,control,48,42839,392.5
2018-12-12,bg.wikipedia,yes,treatment,52,26465,404
2018-12-12,en.wikipedia,no,control,2895903,49407650,4
2018-12-12,en.wikipedia,no,treatment,2886553,49181589,4
2018-12-12,en.wikipedia,yes,control,56,2527278,32605
2018-12-12,en.wikipedia,yes,treatment,44,1657968,31983.5
2018-12-12,es.wikipedia,no,control,723254,8419177,4
2018-12-12,es.wikipedia,no,treatment,725226,8911219,4
2018-12-12,es.wikipedia,yes,control,43,391681,6158
2018-12-12,es.wikipedia,yes,treatment,57,655961,6221
2018-12-12,pl.wikipedia,no,control,652953,2190473,3
2018-12-12,pl.wikipedia,no,treatment,661532,2638781,3
2018-12-12,pl.wikipedia,yes,control,38,95023,1822.5
2018-12-12,pl.wikipedia,yes,treatment,62,148466,1824.5
2018-12-13,bg.wikipedia,no,control,124181,234441,2
2018-12-13,bg.wikipedia,no,treatment,124185,232905,2
2018-12-13,bg.wikipedia,yes,control,49,32840,346
2018-12-13,bg.wikipedia,yes,treatment,51,28224,360
2018-12-13,en.wikipedia,no,control,2895901,48180871,4
2018-12-13,en.wikipedia,no,treatment,2886555,48155181,4
2018-12-13,en.wikipedia,yes,control,58,2664892,27019
2018-12-13,en.wikipedia,yes,treatment,42,1418368,24331.5
2018-12-13,es.wikipedia,no,control,723251,8186915,4
2018-12-13,es.wikipedia,no,treatment,725229,8628896,4
2018-12-13,es.wikipedia,yes,control,46,373907,6371
2018-12-13,es.wikipedia,yes,treatment,54,520518,6347.5
2018-12-13,pl.wikipedia,no,control,652951,2129775,3
2018-12-13,pl.wikipedia,no,treatment,661534,2552835,3
2018-12-13,pl.wikipedia,yes,control,40,114661,1736
2018-12-13,pl.wikipedia,yes,treatment,60,389600,2028.5
2018-12-14,bg.wikipedia,no,control,124181,211311,2
2018-12-14,bg.wikipedia,no,treatment,124185,210286,2
2018-12-14,bg.wikipedia,yes,control,49,31623,434
2018-12-14,bg.wikipedia,yes,treatment,51,21540,328
2018-12-14,en.wikipedia,no,control,2895906,45831301,4
2018-12-14,en.wikipedia,no,treatment,2886550,45537747,4
2018-12-14,en.wikipedia,yes,control,53,2231901,29275
2018-12-14,en.wikipedia,yes,treatment,47,2056936,28369
2018-12-14,es.wikipedia,no,control,723253,7049852,4
2018-12-14,es.wikipedia,no,treatment,725227,7445565,4
2018-12-14,es.wikipedia,yes,control,44,292844,5073
2018-12-14,es.wikipedia,yes,treatment,56,490406,5813.5
2018-12-14,pl.wikipedia,no,control,652950,1839635,2
2018-12-14,pl.wikipedia,no,treatment,661535,2149045,3
2018-12-14,pl.wikipedia,yes,control,41,77814,1445
2018-12-14,pl.wikipedia,yes,treatment,59,117118,1397
2018-12-15,bg.wikipedia,no,control,124186,196647,2
2018-12-15,bg.wikipedia,no,treatment,124180,192385,2
2018-12-15,bg.wikipedia,yes,control,44,26083,333.5
2018-12-15,bg.wikipedia,yes,treatment,56,27233,296
2018-12-15,en.wikipedia,no,control,2895901,42797309,4
2018-12-15,en.wikipedia,no,treatment,2886555,42641668,4
2018-12-15,en.wikipedia,yes,control,58,2069582,29253.5
2018-12-15,en.wikipedia,yes,treatment,42,1714345,32271
2018-12-15,es.wikipedia,no,control,723249,5906942,4
2018-12-15,es.wikipedia,no,treatment,725231,6183395,4
2018-12-15,es.wikipedia,yes,control,48,302344,4394
2018-12-15,es.wikipedia,yes,treatment,52,389346,4409
2018-12-15,pl.wikipedia,no,control,652947,1803419,2
2018-12-15,pl.wikipedia,no,treatment,661538,2117096,3
2018-12-15,pl.wikipedia,yes,control,44,129776,1981.5
2018-12-15,pl.wikipedia,yes,treatment,56,312013,1661.5
2018-12-16,bg.wikipedia,no,control,124186,226218,2
2018-12-16,bg.wikipedia,no,treatment,124180,228684,2
2018-12-16,bg.wikipedia,yes,control,44,32356,419.5
2018-12-16,bg.wikipedia,yes,treatment,56,32709,365.5
2018-12-16,en.wikipedia,no,control,2895906,46463303,4
2018-12-16,en.wikipedia,no,treatment,2886550,46253711,4
2018-12-16,en.wikipedia,yes,control,53,1933522,30306
2018-12-16,en.wikipedia,yes,treatment,47,1936738,31636
2018-12-16,es.wikipedia,no,control,723251,6712783,4
2018-12-16,es.wikipedia,no,treatment,725229,7064657,4
2018-12-16,es.wikipedia,yes,control,46,482179,5861
2018-12-16,es.wikipedia,yes,treatment,54,460583,5552.5
2018-12-16,pl.wikipedia,no,control,652944,2185093,3
2018-12-16,pl.wikipedia,no,treatment,661541,2630888,3
2018-12-16,pl.wikipedia,yes,control,47,199128,2912
2018-12-16,pl.wikipedia,yes,treatment,53,154880,2248
2018-12-17,bg.wikipedia,no,control,124185,233529,2
2018-12-17,bg.wikipedia,no,treatment,124181,234353,2
2018-12-17,bg.wikipedia,yes,control,45,28502,397
2018-12-17,bg.wikipedia,yes,treatment,55,35821,426
2018-12-17,en.wikipedia,no,control,2895902,48883596,4
2018-12-17,en.wikipedia,no,treatment,2886554,48724070,4
2018-12-17,en.wikipedia,yes,control,57,2794504,28460
2018-12-17,en.wikipedia,yes,treatment,43,2162193,27741
2018-12-17,es.wikipedia,no,control,723252,7394306,4
2018-12-17,es.wikipedia,no,treatment,725228,7853445,4
2018-12-17,es.wikipedia,yes,control,45,532500,8394
2018-12-17,es.wikipedia,yes,treatment,55,713895,7037
2018-12-17,pl.wikipedia,no,control,652951,2083764,3
2018-12-17,pl.wikipedia,no,treatment,661534,2510748,3
2018-12-17,pl.wikipedia,yes,control,40,85994,1681
2018-12-17,pl.wikipedia,yes,treatment,60,188496,1786
2018-12-18,bg.wikipedia,no,control,124184,232783,2
2018-12-18,bg.wikipedia,no,treatment,124182,231568,2
2018-12-18,bg.wikipedia,yes,control,46,28578,357
2018-12-18,bg.wikipedia,yes,treatment,54,25689,382.5
2018-12-18,en.wikipedia,no,control,2895897,46812419,4
2018-12-18,en.wikipedia,no,treatment,2886559,46879904,4
2018-12-18,en.wikipedia,yes,control,62,2553743,25982
2018-12-18,en.wikipedia,yes,treatment,38,1590835,26879
2018-12-18,es.wikipedia,no,control,723251,6990782,4
2018-12-18,es.wikipedia,no,treatment,725229,7412028,4
2018-12-18,es.wikipedia,yes,control,46,689419,8502.5
2018-12-18,es.wikipedia,yes,treatment,54,573707,6403
2018-12-18,pl.wikipedia,no,control,652953,2034333,3
2018-12-18,pl.wikipedia,no,treatment,661532,2428312,3
2018-12-18,pl.wikipedia,yes,control,38,178670,1709
2018-12-18,pl.wikipedia,yes,treatment,62,201618,1733
2018-12-19,bg.wikipedia,no,control,124183,214635,2
2018-12-19,bg.wikipedia,no,treatment,124183,213539,2
2018-12-19,bg.wikipedia,yes,control,47,30497,284
2018-12-19,bg.wikipedia,yes,treatment,53,26482,281
2018-12-19,en.wikipedia,no,control,2895905,45455538,4
2018-12-19,en.wikipedia,no,treatment,2886551,45241015,4
2018-12-19,en.wikipedia,yes,control,54,2240040,24859
2018-12-19,en.wikipedia,yes,treatment,46,2023042,31464
2018-12-19,es.wikipedia,no,control,723252,6574173,4
2018-12-19,es.wikipedia,no,treatment,725228,6951440,4
2018-12-19,es.wikipedia,yes,control,45,315498,6120
2018-12-19,es.wikipedia,yes,treatment,55,467795,5840
2018-12-19,pl.wikipedia,no,control,652947,1900610,2
2018-12-19,pl.wikipedia,no,treatment,661538,2269838,3
2018-12-19,pl.wikipedia,yes,control,44,81969,1548.5
2018-12-19,pl.wikipedia,yes,treatment,56,135837,1567.5
2018-12-20,bg.wikipedia,no,control,124185,196750,2
2018-12-20,bg.wikipedia,no,treatment,124181,193929,2
2018-12-20,bg.wikipedia,yes,control,45,48963,337
2018-12-20,bg.wikipedia,yes,treatment,55,36091,429
2018-12-20,en.wikipedia,no,control,2895905,43655408,4
2018-12-20,en.wikipedia,no,treatment,2886551,43391334,4
2018-12-20,en.wikipedia,yes,control,54,1870584,24125.5
2018-12-20,en.wikipedia,yes,treatment,46,1523903,25529.5
2018-12-20,es.wikipedia,no,control,723254,5999683,4
2018-12-20,es.wikipedia,no,treatment,725226,6295908,4
2018-12-20,es.wikipedia,yes,control,43,228633,4431
2018-12-20,es.wikipedia,yes,treatment,57,468173,5136
2018-12-20,pl.wikipedia,no,control,652950,1643961,2
2018-12-20,pl.wikipedia,no,treatment,661535,1962652,3
2018-12-20,pl.wikipedia,yes,control,41,86219,1391
2018-12-20,pl.wikipedia,yes,treatment,59,133010,1568
2018-12-21,bg.wikipedia,no,control,124178,160921,2
2018-12-21,bg.wikipedia,no,treatment,124188,160729,2
2018-12-21,bg.wikipedia,yes,control,52,29491,254.5
2018-12-21,bg.wikipedia,yes,treatment,48,19590,342
2018-12-21,en.wikipedia,no,control,2895908,41096964,3
2018-12-21,en.wikipedia,no,treatment,2886548,40647832,3
2018-12-21,en.wikipedia,yes,control,51,1839913,25268
2018-12-21,en.wikipedia,yes,treatment,49,2211127,28595
2018-12-21,es.wikipedia,no,control,723251,5309263,3
2018-12-21,es.wikipedia,no,treatment,725229,5583862,4
2018-12-21,es.wikipedia,yes,control,46,335944,4967
2018-12-21,es.wikipedia,yes,treatment,54,501474,5539
2018-12-21,pl.wikipedia,no,control,652948,1442378,2
2018-12-21,pl.wikipedia,no,treatment,661537,1668447,2
2018-12-21,pl.wikipedia,yes,control,43,104146,1489
2018-12-21,pl.wikipedia,yes,treatment,57,134901,1466
2018-12-22,bg.wikipedia,no,control,124179,156474,2
2018-12-22,bg.wikipedia,no,treatment,124187,156268,2
2018-12-22,bg.wikipedia,yes,control,51,22164,255
2018-12-22,bg.wikipedia,yes,treatment,49,18723,278
2018-12-22,en.wikipedia,no,control,2895909,40078198,3
2018-12-22,en.wikipedia,no,treatment,2886547,39876727,3
2018-12-22,en.wikipedia,yes,control,50,2075812,28618.5
2018-12-22,en.wikipedia,yes,treatment,50,2218885,28182
2018-12-22,es.wikipedia,no,control,723250,4835630,3
2018-12-22,es.wikipedia,no,treatment,725230,5074016,3
2018-12-22,es.wikipedia,yes,control,47,422420,5398
2018-12-22,es.wikipedia,yes,treatment,53,399013,5523
2018-12-22,pl.wikipedia,no,control,652946,1446118,2
2018-12-22,pl.wikipedia,no,treatment,661539,1674040,2
2018-12-22,pl.wikipedia,yes,control,45,89833,1812
2018-12-22,pl.wikipedia,yes,treatment,55,109398,1699
2018-12-23,bg.wikipedia,no,control,124186,169360,2
2018-12-23,bg.wikipedia,no,treatment,124180,167850,2
2018-12-23,bg.wikipedia,yes,control,44,21653,321
2018-12-23,bg.wikipedia,yes,treatment,56,47926,366.5
2018-12-23,en.wikipedia,no,control,2895913,42949529,3
2018-12-23,en.wikipedia,no,treatment,2886543,42445003,3
2018-12-23,en.wikipedia,yes,control,46,2004712,32097
2018-12-23,en.wikipedia,yes,treatment,54,2421319,30860.5
2018-12-23,es.wikipedia,no,control,723252,5198768,3
2018-12-23,es.wikipedia,no,treatment,725228,5396703,3
2018-12-23,es.wikipedia,yes,control,45,332217,5043
2018-12-23,es.wikipedia,yes,treatment,55,347394,4605
2018-12-23,pl.wikipedia,no,control,652948,1572041,2
2018-12-23,pl.wikipedia,no,treatment,661537,1790201,2
2018-12-23,pl.wikipedia,yes,control,43,108483,1875
2018-12-23,pl.wikipedia,yes,treatment,57,121317,1719
2018-12-24,bg.wikipedia,no,control,124190,182800,2
2018-12-24,bg.wikipedia,no,treatment,124176,180272,2
2018-12-24,bg.wikipedia,yes,control,40,57194,440.5
2018-12-24,bg.wikipedia,yes,treatment,60,57769,539
2018-12-24,en.wikipedia,no,control,2895911,41485689,3
2018-12-24,en.wikipedia,no,treatment,2886545,41377158,3
2018-12-24,en.wikipedia,yes,control,48,2002299,31784.5
2018-12-24,en.wikipedia,yes,treatment,52,2511717,32261
2018-12-24,es.wikipedia,no,control,723250,4908122,3
2018-12-24,es.wikipedia,no,treatment,725230,5128584,3
2018-12-24,es.wikipedia,yes,control,47,346697,5772
2018-12-24,es.wikipedia,yes,treatment,53,489051,5628
2018-12-24,pl.wikipedia,no,control,652946,1333242,2
2018-12-24,pl.wikipedia,no,treatment,661539,1550199,2
2018-12-24,pl.wikipedia,yes,control,45,182497,2587
2018-12-24,pl.wikipedia,yes,treatment,55,199911,2153
2018-12-25,bg.wikipedia,no,control,124186,206124,2
2018-12-25,bg.wikipedia,no,treatment,124180,202700,2
2018-12-25,bg.wikipedia,yes,control,44,51834,630.5
2018-12-25,bg.wikipedia,yes,treatment,56,49507,598
2018-12-25,en.wikipedia,no,control,2895905,41630884,3
2018-12-25,en.wikipedia,no,treatment,2886551,41736205,3
2018-12-25,en.wikipedia,yes,control,54,2689117,39683
2018-12-25,en.wikipedia,yes,treatment,46,2238249,33739
2018-12-25,es.wikipedia,no,control,723248,5124491,3
2018-12-25,es.wikipedia,no,treatment,725232,5360551,3
2018-12-25,es.wikipedia,yes,control,49,379642,5488
2018-12-25,es.wikipedia,yes,treatment,51,650488,5334
2018-12-25,pl.wikipedia,no,control,652944,1880560,2
2018-12-25,pl.wikipedia,no,treatment,661541,2193400,2
2018-12-25,pl.wikipedia,yes,control,47,176570,2832
2018-12-25,pl.wikipedia,yes,treatment,53,249800,2640
2018-12-26,bg.wikipedia,no,control,124177,202003,2
2018-12-26,bg.wikipedia,no,treatment,124189,201177,2
2018-12-26,bg.wikipedia,yes,control,53,39574,482
2018-12-26,bg.wikipedia,yes,treatment,47,28074,413
2018-12-26,en.wikipedia,no,control,2895904,44939192,3
2018-12-26,en.wikipedia,no,treatment,2886552,44949690,3
2018-12-26,en.wikipedia,yes,control,55,2391081,33006
2018-12-26,en.wikipedia,yes,treatment,45,2541530,34139
2018-12-26,es.wikipedia,no,control,723252,6184706,4
2018-12-26,es.wikipedia,no,treatment,725228,6468180,4
2018-12-26,es.wikipedia,yes,control,45,363312,6147
2018-12-26,es.wikipedia,yes,treatment,55,508445,6571
2018-12-26,pl.wikipedia,no,control,652944,1976367,2
2018-12-26,pl.wikipedia,no,treatment,661541,2308783,2
2018-12-26,pl.wikipedia,yes,control,47,211479,3472
2018-12-26,pl.wikipedia,yes,treatment,53,336097,2764
2018-12-27,bg.wikipedia,no,control,124182,198247,2
2018-12-27,bg.wikipedia,no,treatment,124184,198253,2
2018-12-27,bg.wikipedia,yes,control,48,32040,381
2018-12-27,bg.wikipedia,yes,treatment,52,46033,387
2018-12-27,en.wikipedia,no,control,2895906,46239387,4
2018-12-27,en.wikipedia,no,treatment,2886550,45901875,4
2018-12-27,en.wikipedia,yes,control,53,2347872,30920
2018-12-27,en.wikipedia,yes,treatment,47,2374661,33041
2018-12-27,es.wikipedia,no,control,723251,6161631,4
2018-12-27,es.wikipedia,no,treatment,725229,6450797,4
2018-12-27,es.wikipedia,yes,control,46,436741,6071
2018-12-27,es.wikipedia,yes,treatment,54,333166,5115.5
2018-12-27,pl.wikipedia,no,control,652947,1956286,2
2018-12-27,pl.wikipedia,no,treatment,661538,2284338,3
2018-12-27,pl.wikipedia,yes,control,44,173533,2737
2018-12-27,pl.wikipedia,yes,treatment,56,229728,2609
2018-12-28,bg.wikipedia,no,control,124173,199384,2
2018-12-28,bg.wikipedia,no,treatment,124193,198356,2
2018-12-28,bg.wikipedia,yes,control,57,26959,322
2018-12-28,bg.wikipedia,yes,treatment,43,24368,387
2018-12-28,en.wikipedia,no,control,2895902,45591807,4
2018-12-28,en.wikipedia,no,treatment,2886554,45356195,4
2018-12-28,en.wikipedia,yes,control,57,2709754,30065
2018-12-28,en.wikipedia,yes,treatment,43,1906119,30252
2018-12-28,es.wikipedia,no,control,723251,5966922,4
2018-12-28,es.wikipedia,no,treatment,725229,6221556,4
2018-12-28,es.wikipedia,yes,control,46,486816,4929.5
2018-12-28,es.wikipedia,yes,treatment,54,344488,4455.5
2018-12-28,pl.wikipedia,no,control,652956,1921853,2
2018-12-28,pl.wikipedia,no,treatment,661529,2210887,3
2018-12-28,pl.wikipedia,yes,control,35,100674,1882
2018-12-28,pl.wikipedia,yes,treatment,65,184397,1853
2018-12-29,bg.wikipedia,no,control,124175,212085,2
2018-12-29,bg.wikipedia,no,treatment,124191,210862,2
2018-12-29,bg.wikipedia,yes,control,55,29301,336
2018-12-29,bg.wikipedia,yes,treatment,45,22568,359
2018-12-29,en.wikipedia,no,control,2895904,45827206,4
2018-12-29,en.wikipedia,no,treatment,2886552,45310135,4
2018-12-29,en.wikipedia,yes,control,55,2679231,32554
2018-12-29,en.wikipedia,yes,treatment,45,1997632,30671
2018-12-29,es.wikipedia,no,control,723253,5736696,4
2018-12-29,es.wikipedia,no,treatment,725227,6008202,4
2018-12-29,es.wikipedia,yes,control,44,347919,4329.5
2018-12-29,es.wikipedia,yes,treatment,56,293829,4245
2018-12-29,pl.wikipedia,no,control,652939,1895692,2
2018-12-29,pl.wikipedia,no,treatment,661546,2202877,3
2018-12-29,pl.wikipedia,yes,control,52,150185,2112
2018-12-29,pl.wikipedia,yes,treatment,48,133517,2123
2018-12-30,bg.wikipedia,no,control,124175,213104,2
2018-12-30,bg.wikipedia,no,treatment,124191,212383,2
2018-12-30,bg.wikipedia,yes,control,55,30066,350
2018-12-30,bg.wikipedia,yes,treatment,45,23544,366
2018-12-30,en.wikipedia,no,control,2895906,48328572,4
2018-12-30,en.wikipedia,no,treatment,2886550,47804318,4
2018-12-30,en.wikipedia,yes,control,53,3214047,38904
2018-12-30,en.wikipedia,yes,treatment,47,2763346,36332
2018-12-30,es.wikipedia,no,control,723253,6011335,4
2018-12-30,es.wikipedia,no,treatment,725227,6287413,4
2018-12-30,es.wikipedia,yes,control,44,357898,5119.5
2018-12-30,es.wikipedia,yes,treatment,56,328547,4911
2018-12-30,pl.wikipedia,no,control,652946,2021919,2
2018-12-30,pl.wikipedia,no,treatment,661539,2345605,3
2018-12-30,pl.wikipedia,yes,control,45,166405,2703
2018-12-30,pl.wikipedia,yes,treatment,55,186844,2212
2018-12-31,bg.wikipedia,no,control,124180,189531,2
2018-12-31,bg.wikipedia,no,treatment,124186,188560,2
2018-12-31,bg.wikipedia,yes,control,50,39966,587
2018-12-31,bg.wikipedia,yes,treatment,50,35653,532.5
2018-12-31,en.wikipedia,no,control,2895895,45371541,3
2018-12-31,en.wikipedia,no,treatment,2886561,45169544,3
2018-12-31,en.wikipedia,yes,control,64,3338931,33755
2018-12-31,en.wikipedia,yes,treatment,36,1628892,34291
2018-12-31,es.wikipedia,no,control,723244,5419637,3
2018-12-31,es.wikipedia,no,treatment,725236,5680105,3
2018-12-31,es.wikipedia,yes,control,53,472672,5780
2018-12-31,es.wikipedia,yes,treatment,47,366161,5645
2018-12-31,pl.wikipedia,no,control,652948,1608171,2
2018-12-31,pl.wikipedia,no,treatment,661537,1868847,2
2018-12-31,pl.wikipedia,yes,control,43,439649,6094
2018-12-31,pl.wikipedia,yes,treatment,57,665285,5902
2019-01-01,bg.wikipedia,no,control,124174,208448,2
2019-01-01,bg.wikipedia,no,treatment,124192,212534,2
2019-01-01,bg.wikipedia,yes,control,56,35485,430
2019-01-01,bg.wikipedia,yes,treatment,44,34292,473
2019-01-01,en.wikipedia,no,control,2895901,47281038,3
2019-01-01,en.wikipedia,no,treatment,2886555,47240694,4
2019-01-01,en.wikipedia,yes,control,58,3354900,37402.5
2019-01-01,en.wikipedia,yes,treatment,42,2533562,47551
2019-01-01,es.wikipedia,no,control,723242,5425798,3
2019-01-01,es.wikipedia,no,treatment,725238,5703007,3
2019-01-01,es.wikipedia,yes,control,55,450582,5977
2019-01-01,es.wikipedia,yes,treatment,45,327370,5567
2019-01-01,pl.wikipedia,no,control,652944,2055384,2
2019-01-01,pl.wikipedia,no,treatment,661541,2411636,3
2019-01-01,pl.wikipedia,yes,control,47,252299,3585
2019-01-01,pl.wikipedia,yes,treatment,53,336557,3684
2019-01-02,bg.wikipedia,no,control,124176,245652,3
2019-01-02,bg.wikipedia,no,treatment,124190,248722,2
2019-01-02,bg.wikipedia,yes,control,54,28970,385
2019-01-02,bg.wikipedia,yes,treatment,46,32098,463
2019-01-02,en.wikipedia,no,control,2895904,50377215,4
2019-01-02,en.wikipedia,no,treatment,2886552,50454772,4
2019-01-02,en.wikipedia,yes,control,55,2702358,34277
2019-01-02,en.wikipedia,yes,treatment,45,2035065,29799
2019-01-02,es.wikipedia,no,control,723251,6734841,4
2019-01-02,es.wikipedia,no,treatment,725229,7129808,4
2019-01-02,es.wikipedia,yes,control,46,416095,6919.5
2019-01-02,es.wikipedia,yes,treatment,54,338790,4898
2019-01-02,pl.wikipedia,no,control,652953,2288422,3
2019-01-02,pl.wikipedia,no,treatment,661532,2727093,3
2019-01-02,pl.wikipedia,yes,control,38,128277,2497.5
2019-01-02,pl.wikipedia,yes,treatment,62,156797,2148
2019-01-03,bg.wikipedia,no,control,124179,243877,3
2019-01-03,bg.wikipedia,no,treatment,124187,242440,3
2019-01-03,bg.wikipedia,yes,control,51,40462,408
2019-01-03,bg.wikipedia,yes,treatment,49,29033,402
2019-01-03,en.wikipedia,no,control,2895902,49779959,4
2019-01-03,en.wikipedia,no,treatment,2886554,49610104,4
2019-01-03,en.wikipedia,yes,control,57,2559604,31960
2019-01-03,en.wikipedia,yes,treatment,43,1845244,26892
2019-01-03,es.wikipedia,no,control,723254,6984369,4
2019-01-03,es.wikipedia,no,treatment,725226,7332035,4
2019-01-03,es.wikipedia,yes,control,43,362877,6191
2019-01-03,es.wikipedia,yes,treatment,57,416203,5479
2019-01-03,pl.wikipedia,no,control,652954,2262688,3
2019-01-03,pl.wikipedia,no,treatment,661531,2722480,3
2019-01-03,pl.wikipedia,yes,control,37,104367,2283
2019-01-03,pl.wikipedia,yes,treatment,63,153462,1812
2019-01-04,bg.wikipedia,no,control,124176,241841,3
2019-01-04,bg.wikipedia,no,treatment,124190,241140,3
2019-01-04,bg.wikipedia,yes,control,54,39001,392.5
2019-01-04,bg.wikipedia,yes,treatment,46,22717,343.5
2019-01-04,en.wikipedia,no,control,2895899,48992186,4
2019-01-04,en.wikipedia,no,treatment,2886557,48910048,4
2019-01-04,en.wikipedia,yes,control,60,2573959,27484.5
2019-01-04,en.wikipedia,yes,treatment,40,2081988,30866.5
2019-01-04,es.wikipedia,no,control,723256,6931260,4
2019-01-04,es.wikipedia,no,treatment,725224,7228864,4
2019-01-04,es.wikipedia,yes,control,41,365290,6449
2019-01-04,es.wikipedia,yes,treatment,59,418864,5200
2019-01-04,pl.wikipedia,no,control,652950,2072612,3
2019-01-04,pl.wikipedia,no,treatment,661535,2455317,3
2019-01-04,pl.wikipedia,yes,control,41,165079,1981
2019-01-04,pl.wikipedia,yes,treatment,59,164384,2145
2019-01-05,bg.wikipedia,no,control,124174,245446,3
2019-01-05,bg.wikipedia,no,treatment,124192,239025,3
2019-01-05,bg.wikipedia,yes,control,56,51124,404
2019-01-05,bg.wikipedia,yes,treatment,44,24041,432.5
2019-01-05,en.wikipedia,no,control,2895901,48389900,4
2019-01-05,en.wikipedia,no,treatment,2886555,48228323,4
2019-01-05,en.wikipedia,yes,control,58,2574357,30518
2019-01-05,en.wikipedia,yes,treatment,42,2235715,34622
2019-01-05,es.wikipedia,no,control,723253,6503866,4
2019-01-05,es.wikipedia,no,treatment,725227,6794331,4
2019-01-05,es.wikipedia,yes,control,44,385293,5643
2019-01-05,es.wikipedia,yes,treatment,56,458334,5104.5
2019-01-05,pl.wikipedia,no,control,652944,2121153,3
2019-01-05,pl.wikipedia,no,treatment,661541,2492484,3
2019-01-05,pl.wikipedia,yes,control,47,192675,3155
2019-01-05,pl.wikipedia,yes,treatment,53,181682,2428
2019-01-06,bg.wikipedia,no,control,124176,267178,3
2019-01-06,bg.wikipedia,no,treatment,124190,266589,3
2019-01-06,bg.wikipedia,yes,control,54,101094,610.5
2019-01-06,bg.wikipedia,yes,treatment,46,93290,563.5
2019-01-06,en.wikipedia,no,control,2895905,52454364,4
2019-01-06,en.wikipedia,no,treatment,2886551,52342232,4
2019-01-06,en.wikipedia,yes,control,54,2846501,43141.5
2019-01-06,en.wikipedia,yes,treatment,46,2527869,37748.5
2019-01-06,es.wikipedia,no,control,723255,6934333,4
2019-01-06,es.wikipedia,no,treatment,725225,7224976,4
2019-01-06,es.wikipedia,yes,control,42,340980,6031
2019-01-06,es.wikipedia,yes,treatment,58,475352,5221
2019-01-06,pl.wikipedia,no,control,652948,2544247,3
2019-01-06,pl.wikipedia,no,treatment,661537,3027441,3
2019-01-06,pl.wikipedia,yes,control,43,203442,3224
2019-01-06,pl.wikipedia,yes,treatment,57,248818,2685
2019-01-07,bg.wikipedia,no,control,124172,268526,3
2019-01-07,bg.wikipedia,no,treatment,124194,270334,3
2019-01-07,bg.wikipedia,yes,control,58,94683,603
2019-01-07,bg.wikipedia,yes,treatment,42,43392,492
2019-01-07,en.wikipedia,no,control,2895902,53156410,4
2019-01-07,en.wikipedia,no,treatment,2886554,52692734,4
2019-01-07,en.wikipedia,yes,control,57,5016332,58217
2019-01-07,en.wikipedia,yes,treatment,43,4078542,68553
2019-01-07,es.wikipedia,no,control,723244,7965874,4
2019-01-07,es.wikipedia,no,treatment,725236,8403349,4
2019-01-07,es.wikipedia,yes,control,53,673407,9906
2019-01-07,es.wikipedia,yes,treatment,47,526368,7362
2019-01-07,pl.wikipedia,no,control,652949,2418816,3
2019-01-07,pl.wikipedia,no,treatment,661536,2911804,3
2019-01-07,pl.wikipedia,yes,control,42,141530,2664.5
2019-01-07,pl.wikipedia,yes,treatment,58,145280,1906.5
2019-01-08,bg.wikipedia,no,control,124176,276302,3
2019-01-08,bg.wikipedia,no,treatment,124190,273320,3
2019-01-08,bg.wikipedia,yes,control,54,70213,481.5
2019-01-08,bg.wikipedia,yes,treatment,46,45056,482.5
2019-01-08,en.wikipedia,no,control,2895906,52141968,4
2019-01-08,en.wikipedia,no,treatment,2886550,51369565,4
2019-01-08,en.wikipedia,yes,control,53,3451856,40310
2019-01-08,en.wikipedia,yes,treatment,47,3060947,49251
2019-01-08,es.wikipedia,no,control,723250,8458250,4
2019-01-08,es.wikipedia,no,treatment,725230,8978341,4
2019-01-08,es.wikipedia,yes,control,47,455587,8006
2019-01-08,es.wikipedia,yes,treatment,53,469482,6669
2019-01-08,pl.wikipedia,no,control,652955,2428149,3
2019-01-08,pl.wikipedia,no,treatment,661530,2923360,3
2019-01-08,pl.wikipedia,yes,control,36,86509,2090.5
2019-01-08,pl.wikipedia,yes,treatment,64,133420,1724
2019-01-09,bg.wikipedia,no,control,124183,278966,3
2019-01-09,bg.wikipedia,no,treatment,124183,278331,3
2019-01-09,bg.wikipedia,yes,control,47,40601,486
2019-01-09,bg.wikipedia,yes,treatment,53,36162,446
2019-01-09,en.wikipedia,no,control,2895902,51550180,4
2019-01-09,en.wikipedia,no,treatment,2886554,51110498,4
2019-01-09,en.wikipedia,yes,control,57,2366941,27146
2019-01-09,en.wikipedia,yes,treatment,43,2042254,34767
2019-01-09,es.wikipedia,no,control,723250,8737555,4
2019-01-09,es.wikipedia,no,treatment,725230,9319144,4
2019-01-09,es.wikipedia,yes,control,47,444074,6628
2019-01-09,es.wikipedia,yes,treatment,53,455184,6861
2019-01-09,pl.wikipedia,no,control,652952,2400432,3
2019-01-09,pl.wikipedia,no,treatment,661533,2888678,3
2019-01-09,pl.wikipedia,yes,control,39,107338,1976
2019-01-09,pl.wikipedia,yes,treatment,61,142614,1745
2019-01-10,bg.wikipedia,no,control,124175,281217,3
2019-01-10,bg.wikipedia,no,treatment,124191,284908,3
2019-01-10,bg.wikipedia,yes,control,55,40902,460
2019-01-10,bg.wikipedia,yes,treatment,45,38600,478
2019-01-10,en.wikipedia,no,control,2895903,51520117,4
2019-01-10,en.wikipedia,no,treatment,2886553,51142732,4
2019-01-10,en.wikipedia,yes,control,56,2486879,26600
2019-01-10,en.wikipedia,yes,treatment,44,1935221,33071
2019-01-10,es.wikipedia,no,control,723255,8832990,4
2019-01-10,es.wikipedia,no,treatment,725225,9377426,4
2019-01-10,es.wikipedia,yes,control,42,376458,6779.5
2019-01-10,es.wikipedia,yes,treatment,58,506999,7660
2019-01-10,pl.wikipedia,no,control,652950,2317980,3
2019-01-10,pl.wikipedia,no,treatment,661535,2788457,3
2019-01-10,pl.wikipedia,yes,control,41,108879,1970
2019-01-10,pl.wikipedia,yes,treatment,59,136950,1774
2019-01-11,bg.wikipedia,no,control,124186,261678,3
2019-01-11,bg.wikipedia,no,treatment,124180,258617,3
2019-01-11,bg.wikipedia,yes,control,44,35276,441
2019-01-11,bg.wikipedia,yes,treatment,56,31612,417.5
2019-01-11,en.wikipedia,no,control,2895910,49977408,4
2019-01-11,en.wikipedia,no,treatment,2886546,49896387,4
2019-01-11,en.wikipedia,yes,control,49,2306814,33094
2019-01-11,en.wikipedia,yes,treatment,51,2509398,26553
2019-01-11,es.wikipedia,no,control,723249,8063325,4
2019-01-11,es.wikipedia,no,treatment,725231,8574463,4
2019-01-11,es.wikipedia,yes,control,48,463860,6974.5
2019-01-11,es.wikipedia,yes,treatment,52,556255,6870
2019-01-11,pl.wikipedia,no,control,652936,2077529,3
2019-01-11,pl.wikipedia,no,treatment,661549,2458794,3
2019-01-11,pl.wikipedia,yes,control,55,142112,1940
2019-01-11,pl.wikipedia,yes,treatment,45,90626,1486
2019-01-12,bg.wikipedia,no,control,124180,242002,3
2019-01-12,bg.wikipedia,no,treatment,124186,240321,2
2019-01-12,bg.wikipedia,yes,control,50,28588,400.5
2019-01-12,bg.wikipedia,yes,treatment,50,28143,403.5
2019-01-12,en.wikipedia,no,control,2895899,48067468,4
2019-01-12,en.wikipedia,no,treatment,2886557,48278610,4
2019-01-12,en.wikipedia,yes,control,60,2910737,34508.5
2019-01-12,en.wikipedia,yes,treatment,40,2273756,39036.5
2019-01-12,es.wikipedia,no,control,723247,7081234,4
2019-01-12,es.wikipedia,no,treatment,725233,7497433,4
2019-01-12,es.wikipedia,yes,control,50,517816,6701
2019-01-12,es.wikipedia,yes,treatment,50,563656,6286.5
2019-01-12,pl.wikipedia,no,control,652933,2148279,3
2019-01-12,pl.wikipedia,no,treatment,661552,2508796,3
2019-01-12,pl.wikipedia,yes,control,58,200018,2754
2019-01-12,pl.wikipedia,yes,treatment,42,180991,2236
2019-01-13,bg.wikipedia,no,control,124180,287629,3
2019-01-13,bg.wikipedia,no,treatment,124186,286380,3
2019-01-13,bg.wikipedia,yes,control,50,40551,475.5
2019-01-13,bg.wikipedia,yes,treatment,50,27808,477
2019-01-13,en.wikipedia,no,control,2895905,52467134,4
2019-01-13,en.wikipedia,no,treatment,2886551,52505928,4
2019-01-13,en.wikipedia,yes,control,54,2896283,36540.5
2019-01-13,en.wikipedia,yes,treatment,46,3136670,43616.5
2019-01-13,es.wikipedia,no,control,723245,8139364,4
2019-01-13,es.wikipedia,no,treatment,725235,8588536,4
2019-01-13,es.wikipedia,yes,control,52,524909,7508
2019-01-13,es.wikipedia,yes,treatment,48,450457,6893.5
2019-01-13,pl.wikipedia,no,control,652941,2488309,3
2019-01-13,pl.wikipedia,no,treatment,661544,2951608,3
2019-01-13,pl.wikipedia,yes,control,50,402252,2631
2019-01-13,pl.wikipedia,yes,treatment,50,209076,2503
2019-01-14,bg.wikipedia,no,control,124181,292146,3
2019-01-14,bg.wikipedia,no,treatment,124185,294221,3
2019-01-14,bg.wikipedia,yes,control,49,52381,415
2019-01-14,bg.wikipedia,yes,treatment,51,49797,534
2019-01-14,en.wikipedia,no,control,2895908,53256331,4
2019-01-14,en.wikipedia,no,treatment,2886548,53084335,4
2019-01-14,en.wikipedia,yes,control,51,2284959,31310
2019-01-14,en.wikipedia,yes,treatment,49,3761743,41084
2019-01-14,es.wikipedia,no,control,723243,8917182,4
2019-01-14,es.wikipedia,no,treatment,725237,9461979,4
2019-01-14,es.wikipedia,yes,control,54,511443,8005.5
2019-01-14,es.wikipedia,yes,treatment,46,447160,8382.5
2019-01-14,pl.wikipedia,no,control,652946,2278624,3
2019-01-14,pl.wikipedia,no,treatment,661539,2704166,3
2019-01-14,pl.wikipedia,yes,control,45,888910,3165
2019-01-14,pl.wikipedia,yes,treatment,55,254789,2699
2019-01-15,bg.wikipedia,no,control,124176,290356,3
2019-01-15,bg.wikipedia,no,treatment,124190,291446,3
2019-01-15,bg.wikipedia,yes,control,54,41685,382.5
2019-01-15,bg.wikipedia,yes,treatment,46,37857,493
2019-01-15,en.wikipedia,no,control,2895916,52079067,4
2019-01-15,en.wikipedia,no,treatment,2886540,51478370,4
2019-01-15,en.wikipedia,yes,control,43,3292522,36362
2019-01-15,en.wikipedia,yes,treatment,57,2790792,33104
2019-01-15,es.wikipedia,no,control,723240,9196238,4
2019-01-15,es.wikipedia,no,treatment,725240,9741977,4
2019-01-15,es.wikipedia,yes,control,57,616737,8518
2019-01-15,es.wikipedia,yes,treatment,43,428886,9144
2019-01-15,pl.wikipedia,no,control,652947,2339820,3
2019-01-15,pl.wikipedia,no,treatment,661538,2795576,3
2019-01-15,pl.wikipedia,yes,control,44,319063,2596
2019-01-15,pl.wikipedia,yes,treatment,56,187886,2486.5
